{
  "calib_lr3e-04_loc100": {
    "model": "EleutherAI/pythia-160m",
    "step": 71000,
    "layer_substring": null,
    "lr": 0.0003,
    "localization": 100.0,
    "n_beta": 2.8853900817779268,
    "num_chains": 4,
    "num_draws": 80,
    "num_burnin_steps": 40,
    "batch_size": 4,
    "seq_len": 256,
    "n_sequences": 256,
    "active_params": 162322944,
    "llc_mean": 75.44815063476562,
    "llc_std": 0.7773477435112,
    "llc_per_chain": [
      75.12765502929688,
      75.5986557006836,
      76.60021209716797,
      74.46607971191406
    ],
    "init_loss": 2.9473516941070557
  },
  "calib_lr3e-05_loc10": {
    "model": "EleutherAI/pythia-160m",
    "step": 71000,
    "layer_substring": null,
    "lr": 3e-05,
    "localization": 10.0,
    "n_beta": 2.8853900817779268,
    "num_chains": 4,
    "num_draws": 80,
    "num_burnin_steps": 40,
    "batch_size": 4,
    "seq_len": 256,
    "n_sequences": 256,
    "active_params": 162322944,
    "llc_mean": 37.92791748046875,
    "llc_std": 0.19653457403182983,
    "llc_per_chain": [
      37.89124298095703,
      38.10051727294922,
      38.09883499145508,
      37.621070861816406
    ],
    "init_loss": 2.9473516941070557
  },
  "calib_lr3e-05_loc100": {
    "model": "EleutherAI/pythia-160m",
    "step": 71000,
    "layer_substring": null,
    "lr": 3e-05,
    "localization": 100.0,
    "n_beta": 2.8853900817779268,
    "num_chains": 4,
    "num_draws": 80,
    "num_burnin_steps": 40,
    "batch_size": 4,
    "seq_len": 256,
    "n_sequences": 256,
    "active_params": 162322944,
    "llc_mean": 36.51184844970703,
    "llc_std": 0.1545805037021637,
    "llc_per_chain": [
      36.424537658691406,
      36.616886138916016,
      36.69889450073242,
      36.30706024169922
    ],
    "init_loss": 2.9473516941070557
  },
  "calib_lr3e-05_loc1000": {
    "model": "EleutherAI/pythia-160m",
    "step": 71000,
    "layer_substring": null,
    "lr": 3e-05,
    "localization": 1000.0,
    "n_beta": 2.8853900817779268,
    "num_chains": 4,
    "num_draws": 80,
    "num_burnin_steps": 40,
    "batch_size": 4,
    "seq_len": 256,
    "n_sequences": 256,
    "active_params": 162322944,
    "llc_mean": 28.414310455322266,
    "llc_std": 0.19526304304599762,
    "llc_per_chain": [
      28.27745819091797,
      28.346385955810547,
      28.749296188354492,
      28.284107208251953
    ],
    "init_loss": 2.9473516941070557
  },
  "calib_lr1e-04_loc10": {
    "model": "EleutherAI/pythia-160m",
    "step": 71000,
    "layer_substring": null,
    "lr": 0.0001,
    "localization": 10.0,
    "n_beta": 2.8853900817779268,
    "num_chains": 4,
    "num_draws": 80,
    "num_burnin_steps": 40,
    "batch_size": 4,
    "seq_len": 256,
    "n_sequences": 256,
    "active_params": 162322944,
    "llc_mean": 64.50804138183594,
    "llc_std": 0.7854333519935608,
    "llc_per_chain": [
      64.6907730102539,
      65.19478607177734,
      64.96340942382812,
      63.18318176269531
    ],
    "init_loss": 2.9473516941070557
  },
  "calib_lr1e-04_loc100": {
    "model": "EleutherAI/pythia-160m",
    "step": 71000,
    "layer_substring": null,
    "lr": 0.0001,
    "localization": 100.0,
    "n_beta": 2.8853900817779268,
    "num_chains": 4,
    "num_draws": 80,
    "num_burnin_steps": 40,
    "batch_size": 4,
    "seq_len": 256,
    "n_sequences": 256,
    "active_params": 162322944,
    "llc_mean": 55.786354064941406,
    "llc_std": 0.6341423988342285,
    "llc_per_chain": [
      55.859954833984375,
      56.492366790771484,
      56.02931594848633,
      54.76378631591797
    ],
    "init_loss": 2.9473516941070557
  },
  "calib_lr1e-04_loc1000": {
    "model": "EleutherAI/pythia-160m",
    "step": 71000,
    "layer_substring": null,
    "lr": 0.0001,
    "localization": 1000.0,
    "n_beta": 2.8853900817779268,
    "num_chains": 4,
    "num_draws": 80,
    "num_burnin_steps": 40,
    "batch_size": 4,
    "seq_len": 256,
    "n_sequences": 256,
    "active_params": 162322944,
    "llc_mean": 32.037132263183594,
    "llc_std": 0.18958252668380737,
    "llc_per_chain": [
      31.881763458251953,
      32.131099700927734,
      32.30119323730469,
      31.8344783782959
    ],
    "init_loss": 2.9473516941070557
  },
  "calib_lr3e-04_loc10": {
    "model": "EleutherAI/pythia-160m",
    "step": 71000,
    "layer_substring": null,
    "lr": 0.0003,
    "localization": 10.0,
    "n_beta": 2.8853900817779268,
    "num_chains": 4,
    "num_draws": 80,
    "num_burnin_steps": 40,
    "batch_size": 4,
    "seq_len": 256,
    "n_sequences": 256,
    "active_params": 162322944,
    "llc_mean": 108.11544799804688,
    "llc_std": 1.397643804550171,
    "llc_per_chain": [
      108.05205535888672,
      109.32368469238281,
      109.23042297363281,
      105.85566711425781
    ],
    "init_loss": 2.9473516941070557
  },
  "calib_lr3e-04_loc1000": {
    "model": "EleutherAI/pythia-160m",
    "step": 71000,
    "layer_substring": null,
    "lr": 0.0003,
    "localization": 1000.0,
    "n_beta": 2.8853900817779268,
    "num_chains": 4,
    "num_draws": 80,
    "num_burnin_steps": 40,
    "batch_size": 4,
    "seq_len": 256,
    "n_sequences": 256,
    "active_params": 162322944,
    "llc_mean": 33.77839279174805,
    "llc_std": 0.05700540915131569,
    "llc_per_chain": [
      33.756919860839844,
      33.86568832397461,
      33.782569885253906,
      33.708396911621094
    ],
    "init_loss": 2.9473516941070557
  },
  "calib_lr1e-03_loc10": {
    "model": "EleutherAI/pythia-160m",
    "step": 71000,
    "layer_substring": null,
    "lr": 0.001,
    "localization": 10.0,
    "n_beta": 2.8853900817779268,
    "num_chains": 4,
    "num_draws": 80,
    "num_burnin_steps": 40,
    "batch_size": 4,
    "seq_len": 256,
    "n_sequences": 256,
    "active_params": 162322944,
    "llc_mean": 173.9796905517578,
    "llc_std": 1.9290621280670166,
    "llc_per_chain": [
      173.39215087890625,
      173.67820739746094,
      177.07504272460938,
      171.77337646484375
    ],
    "init_loss": 2.9473516941070557
  },
  "calib_lr1e-03_loc100": {
    "model": "EleutherAI/pythia-160m",
    "step": 71000,
    "layer_substring": null,
    "lr": 0.001,
    "localization": 100.0,
    "n_beta": 2.8853900817779268,
    "num_chains": 4,
    "num_draws": 80,
    "num_burnin_steps": 40,
    "batch_size": 4,
    "seq_len": 256,
    "n_sequences": 256,
    "active_params": 162322944,
    "llc_mean": 86.53501892089844,
    "llc_std": 0.7494862675666809,
    "llc_per_chain": [
      86.14957427978516,
      87.26185607910156,
      87.23373413085938,
      85.4948959350586
    ],
    "init_loss": 2.9473516941070557
  },
  "calib_lr1e-03_loc1000": {
    "model": "EleutherAI/pythia-160m",
    "step": 71000,
    "layer_substring": null,
    "lr": 0.001,
    "localization": 1000.0,
    "n_beta": 2.8853900817779268,
    "num_chains": 4,
    "num_draws": 80,
    "num_burnin_steps": 40,
    "batch_size": 4,
    "seq_len": 256,
    "n_sequences": 256,
    "active_params": 162322944,
    "llc_mean": 36.97129821777344,
    "llc_std": 0.11725517362356186,
    "llc_per_chain": [
      37.06061935424805,
      37.09314727783203,
      36.79545211791992,
      36.93597412109375
    ],
    "init_loss": 2.9473516941070557
  }
}